date,title,reviews
26-01-2024,boAt Bassheads 100 in Ear Wired Earphones with Mic(Black),"I recently purchased the boAt BassHeads 100 in-ear wired headphones, and they have quickly become my go-to choice for everyday listening. "
24-08-2024,"ZEBRONICS Zeb-Bro in Ear Wired Earphones with Mic, 3.5mm Audio Jack, 10mm Drivers, Phone/Tablet Compatible(Blue) (Green)","The **ZEBRONICS Zeb-Bro in-ear wired earphones** are a fantastic find! üéß For such an affordable price, the **sound quality** is truly impressive. "
24-06-2024,"JBL C100SI Wired In Ear Headphones with Mic, JBL Pure Bass Sound, One Button Multi-function Remote, Premium Metallic Finish, Angled Buds for Comfort fit (Black)","It has amazing sound quality.This Earphones are also Very Useful For Gaming.It's Mic Quality And Functionality Is So Good., It is much good, but okay for that priceLook is good "
12-12-2024,"Kreo Hydra C Type Dual Dynamic Driver In-Ear Wired Gaming Earphones with Microphone, Tangle-free Gaming Earphones with Noise Isolating Technology and EZ Volume Control Slider, Wired Headset for Gaming","I recently purchased the Kreo Hydra C Type Dual Dynamic Driver In-Ear Wired Gaming Earphones, and I must say, they have exceeded my expectations in every way."
10-09-2024,"Kreo Hydra C Type Dual Dynamic Driver In-Ear Wired Gaming Earphones with Microphone, Tangle-free Gaming Earphones with Noise Isolating Technology and EZ Volume Control Slider, Wired Headset for Gaming","I recently purchased the Kreo Hydra C Type Dual Dynamic Driver In-Ear Wired Gaming Earphones, and I must say, they have exceeded my expectations in every way. "
19-04-2024,"ZEBRONICS Zeb-Bro in Ear Wired Earphones with Mic, 3.5mm Audio Jack, 10mm Drivers, Phone/Tablet Compatible(Blue) (Black)","The **ZEBRONICS Zeb-Bro in-ear wired earphones** are a fantastic find! üéß For such an affordable price, the **sound quality** is truly impressive. "
19-08-2024,boAt Bassheads 225 Wired in Ear Earphone with Mic (Red),"Good product, packaging, delivery all were satisfactory.Bass is on a higher side , overall build quality is good, Using from the last month , audio quality is very good"
16-05-2024,"boAt Bassheads 100 C Wired Earphones with Type-C Jack, in-Line Microphone, in Ear, 10Mm Drivers, Signature Sound, Integrated Controls & Multi-Os Compatibility(Black)","I recently purchased the boAt BassHeads 100 in-ear wired headphones, and they have quickly become my go-to choice for everyday listening. "
03-06-2024,boAt Bassheads 152 in Ear Wired Earphones with Mic(Active Black),"The earphone has metal case. Good built quality, sound, looks and feels awesome.The wire has a fabric cover. It's totally worth buyingüëçüëç, Nylon braided wire quality is good, Sound quality is also good"
27-10-2024,boAt Bassheads 100 in Ear Wired Earphones with Mic(Furious Red),"I recently purchased the boAt BassHeads 100 in-ear wired headphones, and they have quickly become my go-to choice for everyday listening. Here‚Äôs a detailed review based on my experience:"
23-03-2024,"boAt Airdopes 141, Low Latency, ENx Tech, 42HRS Battery, Fast Charge, IWP, IPX4, v5.1 Bluetooth Earbuds, TWS Ear Buds Wireless Earphones with mic (Bold Black)",I've used it for a month now. Battery life is decent. If you take out of the charging box the airpods will work for good 2.5 hrs. 
03-12-2024,"ZEBRONICS Buds 30 3.5mm Stereo Wired in Ear Earphones with Mic for Calling, Volume Control, Multifunction Button, 14mm Drivers, Stylish Eartip,1.2 Meter Durable Cable and Lightweight Design(White)",I bought this earphones on may 2023. It is functioning exactly same even after 1.5 years. You can wear it for hours together without any strains as it does not shut down the ears completely. 
21-08-2024,"Ambrane Wired in Earphones with in-line Mic for Clear Calling, 14mm Dynamic Drivers for BoostedBass‚Ñ¢, 3.5mm Jack, Multi-Functional Controller (Stringz 38 Lite, Black)",I had stringz 74 of ambrane earlier and was totally surprised by the amazing bass quality that was also for 200‚Çπ back then. So without hesitation I got this product stringz 38 lite in green colour. 
05-11-2024,boAt Bassheads 105 Wired in Ear Earphones with Mic (Black),"Broke, feviquicked, still working.Got 2, one still in box. Wire is anyways better than battery. Who does not know that?, Overall Good. Looks good, but it will get dirty over time. "
29-02-2024,"ZEBRONICS Zeb-Bro in Ear Wired Earphones with Mic, 3.5mm Audio Jack, 10mm Drivers, Phone/Tablet Compatible(Blue)","The **ZEBRONICS Zeb-Bro in-ear wired earphones** are a fantastic find! üéß For such an affordable price, the **sound quality** is truly impressive. "
